Date,BlockNumber
2024-05-01,19771560
2024-05-02,19778726
2024-05-03,19785870
2024-05-04,19793023
2024-05-05,19800180
2024-05-06,19807331
2024-05-07,19814478
2024-05-08,19821624
2024-05-09,19828771
2024-05-10,19835923
2024-05-11,19843076
2024-05-12,19850230
2024-05-13,19857379
2024-05-14,19864534
2024-05-15,19871653
2024-05-16,19878821
2024-05-17,19885977
2024-05-18,19893122
2024-05-19,19900268
2024-05-20,19907420
2024-05-21,19914565
2024-05-22,19921720
2024-05-23,19928862
2024-05-24,19936019
2024-05-25,19943177
2024-05-26,19950330
2024-05-27,19957490
2024-05-28,19964644
2024-05-29,19971801
2024-05-30,19978947
2024-05-31,19986093
2024-06-01,19993250
2024-06-02,20000416
2024-06-03,20007577
2024-06-04,20014733
2024-06-05,20021902
2024-06-06,20029070
2024-06-07,20036227
2024-06-08,20043389
2024-06-09,20050553
2024-06-10,20057709
2024-06-11,20064867
2024-06-12,20072029
2024-06-13,20079185
2024-06-14,20086328
2024-06-15,20093490
2024-06-16,20100627
2024-06-17,20107790
2024-06-18,20114940
2024-06-19,20122077
2024-06-20,20129225
2024-06-21,20136373
2024-06-22,20143531
2024-06-23,20150677
2024-06-24,20157826
2024-06-25,20164977
2024-06-26,20172139
2024-06-27,20179300
2024-06-28,20186463
2024-06-29,20193626
2024-06-30,20200783
2024-07-01,20207949
2024-07-02,20215113
2024-07-03,20222264
2024-07-04,20229427
2024-07-05,20236582
2024-07-06,20243748
2024-07-07,20250914
2024-07-08,20258074
2024-07-09,20265218
2024-07-10,20272374
2024-07-11,20279540
2024-07-12,20286707
2024-07-13,20293869
2024-07-14,20301021
2024-07-15,20308187
2024-07-16,20315348
2024-07-17,20322521
2024-07-18,20329690
2024-07-19,20336851
2024-07-20,20344023
2024-07-21,20351186
2024-07-22,20358352
2024-07-23,20365511
2024-07-24,20372676
2024-07-25,20379839
2024-07-26,20387001
2024-07-27,20394161
2024-07-28,20401322
2024-07-29,20408498
2024-07-30,20415670
2024-07-31,20422809
2024-08-01,20429973
2024-08-02,20437138
2024-08-03,20444295
2024-08-04,20451460
2024-08-05,20458638
2024-08-06,20465807
2024-08-07,20472971
2024-08-08,20480142
2024-08-09,20487317
2024-08-10,20494485
2024-08-11,20501655
2024-08-12,20508814
2024-08-13,20515981
2024-08-14,20523148
2024-08-15,20530310
2024-08-16,20537463
2024-08-17,20544628
2024-08-18,20551784
2024-08-19,20558958
2024-08-20,20566115
2024-08-21,20573272
2024-08-22,20580430
2024-08-23,20587589
2024-08-24,20594742
2024-08-25,20601892
2024-08-26,20609047
2024-08-27,20616203
2024-08-28,20623368
2024-08-29,20630527
2024-08-30,20637676
2024-08-31,20644833
2024-09-01,20651994
2024-09-02,20659158
